run_id,qd,iops,lat_us,time_s
qd_run1,1,451548,15.51562324087019,0.0
qd_run1,1,348314,15.037159773731775,1.0
qd_run1,1,374348,15.023066869089782,2.0
qd_run1,1,430601,15.040128122903907,3.0
qd_run1,1,358185,14.391160980194075,4.0
qd_run1,1,310479,14.66769796569722,5.0
qd_run1,1,414952,14.811284039930815,6.0
qd_run1,1,356347,14.792238397922423,7.0
qd_run1,1,355429,14.919929870667543,8.0
qd_run1,1,293983,13.809107660867074,9.0
qd_run1,1,330988,14.1729284539953,10.0
qd_run1,1,439184,14.609155978405697,11.0
qd_run1,1,340124,14.001589852078608,12.0
qd_run1,1,368493,14.404325136856345,13.0
qd_run1,1,413024,15.049391264315236,14.0
qd_run1,1,312388,14.859810678724434,15.0
qd_run1,1,209164,14.382442061425909,16.0
qd_run1,1,419621,15.02692675371146,17.0
qd_run1,1,362832,14.666043753242178,18.0
qd_run1,1,278257,14.080058075683732,19.0
qd_run1,1,365381,15.454776025366028,20.0
qd_run1,1,238411,14.955710451106254,21.0
qd_run1,1,385415,15.097627813367811,22.0
qd_run1,1,307437,14.445986210150055,23.0
qd_run1,1,355956,14.22644289788438,24.0
qd_run1,1,288344,14.289941077223375,25.0
qd_run1,1,349774,14.843665415493577,26.0
qd_run1,1,352229,14.712967314607788,27.0
qd_run1,1,317266,14.36151009150328,28.0
qd_run1,1,412960,14.65480574795578,29.0
qd_run1,1,349163,15.091122975511945,30.0
qd_run1,1,419213,15.239443001566073,31.0
qd_run1,1,375058,14.656782534439834,32.0
qd_run1,1,368876,14.757904708453855,33.0
qd_run1,1,427642,14.807552324412656,34.0
qd_run1,1,387388,14.666663302373168,35.0
qd_run1,1,426241,13.77495271064581,36.0
qd_run1,1,373712,15.011594291697305,37.0
qd_run1,1,292065,15.625872631536739,38.0
qd_run1,1,345565,14.607972523964984,39.0
qd_run1,1,296291,15.065572665992896,40.0
qd_run1,1,365437,14.41842514967855,41.0
qd_run1,1,365532,14.98111720917549,42.0
qd_run1,1,417965,14.774089902228596,43.0
qd_run1,1,302369,14.433831721263077,44.0
qd_run1,1,231650,14.356558388239195,45.0
qd_run1,1,392589,14.884031059173276,46.0
qd_run1,1,347813,14.528586438915132,47.0
qd_run1,1,437561,14.803234255122437,48.0
qd_run1,1,401767,14.852921171750715,49.0
qd_run1,1,318036,15.363879400696518,50.0
qd_run1,1,287875,14.15218726437362,51.0
qd_run1,1,330776,14.3576250628671,52.0
qd_run1,1,323971,14.414743841891351,53.0
qd_run1,1,405865,14.7028097862146,54.0
qd_run1,1,372195,13.979652695097784,55.0
qd_run1,1,308620,15.156554557746258,56.0
qd_run1,1,289694,15.19793184370979,57.0
qd_run1,1,298877,14.810710441825151,58.0
qd_run1,1,308657,14.76552952028735,59.0
qd_run1,2,836229,15.616897336326197,0.0
qd_run1,2,872755,15.577320319138376,1.0
qd_run1,2,550609,15.83027864335861,2.0
qd_run1,2,627499,16.627033353426164,3.0
qd_run1,2,754842,16.354452257164045,4.0
qd_run1,2,731853,16.965576559783827,5.0
qd_run1,2,748162,16.046492685708905,6.0
qd_run1,2,585342,15.363849791783645,7.0
qd_run1,2,686986,16.26748538046162,8.0
qd_run1,2,780517,15.347409053052145,9.0
qd_run1,2,721799,15.886331008368478,10.0
qd_run1,2,556376,16.037249319756167,11.0
qd_run1,2,440826,15.919413458426233,12.0
qd_run1,2,916327,15.31145175415232,13.0
qd_run1,2,670392,14.89713471328672,14.0
qd_run1,2,592802,16.15303350533661,15.0
qd_run1,2,563977,15.778482728211646,16.0
qd_run1,2,632896,15.615400602982085,17.0
qd_run1,2,687629,16.024242708849926,18.0
qd_run1,2,791879,16.189411681193967,19.0
qd_run1,2,611861,16.4650572951349,20.0
qd_run1,2,793685,15.056021398508754,21.0
qd_run1,2,735219,16.18591688661495,22.0
qd_run1,2,765411,16.05399000483531,23.0
qd_run1,2,538434,15.66789941123105,24.0
qd_run1,2,460918,15.719899617385048,25.0
qd_run1,2,871967,16.117672206882663,26.0
qd_run1,2,752363,15.551403726329514,27.0
qd_run1,2,566657,15.287576920563765,28.0
qd_run1,2,680937,15.414213431132533,29.0
qd_run1,2,604571,16.337025153008348,30.0
qd_run1,2,503967,15.17208626919612,31.0
qd_run1,2,617335,15.747397429008968,32.0
qd_run1,2,655525,15.132898879293144,33.0
qd_run1,2,687946,15.733451400668283,34.0
qd_run1,2,704058,15.281605695430162,35.0
qd_run1,2,693073,15.899349705129222,36.0
qd_run1,2,602285,15.691164640028733,37.0
qd_run1,2,612758,16.43742522908094,38.0
qd_run1,2,355687,15.108748772330566,39.0
qd_run1,2,497461,15.615546757098706,40.0
qd_run1,2,600474,15.59985027902109,41.0
qd_run1,2,740612,15.02116022872572,42.0
qd_run1,2,583708,15.689001597418057,43.0
qd_run1,2,547957,15.970031164579654,44.0
qd_run1,2,701603,15.458076590826472,45.0
qd_run1,2,490911,16.553258067648315,46.0
qd_run1,2,715752,15.995506276015613,47.0
qd_run1,2,675758,15.791234359557425,48.0
qd_run1,2,751849,15.787321112160527,49.0
qd_run1,2,605246,16.1309068359679,50.0
qd_run1,2,674498,15.428684613551335,51.0
qd_run1,2,577637,16.3469680729924,52.0
qd_run1,2,731791,16.730798284288046,53.0
qd_run1,2,615700,15.442395292675167,54.0
qd_run1,2,709012,16.448335827745105,55.0
qd_run1,2,728352,15.999961545434097,56.0
qd_run1,2,857733,15.442466201950337,57.0
qd_run1,2,543371,15.441884619562533,58.0
qd_run1,2,636738,15.97162499238751,59.0
qd_run1,4,1549524,17.90913193705109,0.0
qd_run1,4,1621832,17.917664211094618,1.0
qd_run1,4,1482817,17.848342796455107,2.0
qd_run1,4,1326262,18.393091304069713,3.0
qd_run1,4,1359238,18.77904732327314,4.0
qd_run1,4,1220980,18.328232147645792,5.0
qd_run1,4,1306556,17.646052605033262,6.0
qd_run1,4,1122968,17.470079425318445,7.0
qd_run1,4,1262310,19.589349377986455,8.0
qd_run1,4,1401570,17.888238987919216,9.0
qd_run1,4,1127424,18.902721601662332,10.0
qd_run1,4,1171559,17.47885322629053,11.0
qd_run1,4,1067783,17.784204631627116,12.0
qd_run1,4,1068070,18.737464843320755,13.0
qd_run1,4,1274693,17.544880666521998,14.0
qd_run1,4,1159188,17.7378891173418,15.0
qd_run1,4,1032686,17.53494400196385,16.0
qd_run1,4,1591875,18.195725101624674,17.0
qd_run1,4,1370338,18.84368435048866,18.0
qd_run1,4,1188613,18.659763453041013,19.0
qd_run1,4,1363600,18.487611496096974,20.0
qd_run1,4,1671787,18.521479353587,21.0
qd_run1,4,1218087,18.721054015608665,22.0
qd_run1,4,1597703,18.912864197480516,23.0
qd_run1,4,1170823,17.89191115234749,24.0
qd_run1,4,1085202,18.000374332524157,25.0
qd_run1,4,1334442,18.831147237437627,26.0
qd_run1,4,831848,18.35476349751077,27.0
qd_run1,4,1052250,18.74129335649217,28.0
qd_run1,4,1434341,17.936214514396358,29.0
qd_run1,4,1176287,17.84075307443303,30.0
qd_run1,4,1335308,17.478037934729365,31.0
qd_run1,4,1048360,17.987854246337573,32.0
qd_run1,4,1493371,19.688694653698352,33.0
qd_run1,4,1265093,17.686512771918558,34.0
qd_run1,4,1275352,17.886244606371736,35.0
qd_run1,4,1348313,17.751451623434953,36.0
qd_run1,4,1191410,18.357277289333634,37.0
qd_run1,4,1359689,18.322686922708364,38.0
qd_run1,4,1500820,18.433494972218398,39.0
qd_run1,4,918147,18.87416042503535,40.0
qd_run1,4,1206239,17.99604226403001,41.0
qd_run1,4,1546567,17.81761996785101,42.0
qd_run1,4,1275065,17.972234415855816,43.0
qd_run1,4,1517193,18.164492894637966,44.0
qd_run1,4,1305910,17.597967488336717,45.0
qd_run1,4,1532765,17.77579490899573,46.0
qd_run1,4,1433573,18.97864647553969,47.0
qd_run1,4,1494468,19.36453685507273,48.0
qd_run1,4,1039816,18.586521419476597,49.0
qd_run1,4,1287420,18.5964018055388,50.0
qd_run1,4,1469116,18.425301776712573,51.0
qd_run1,4,1106757,18.311467085498183,52.0
qd_run1,4,1552536,17.715483880566605,53.0
qd_run1,4,1276393,17.82439971364702,54.0
qd_run1,4,1471095,17.456833572163635,55.0
qd_run1,4,1196784,18.296623352602477,56.0
qd_run1,4,1283437,19.66596564654558,57.0
qd_run1,4,1555551,17.797646205206977,58.0
qd_run1,4,1669871,17.708020715464617,59.0
qd_run1,8,1868235,20.67822892293303,0.0
qd_run1,8,1211635,20.617853825238033,1.0
qd_run1,8,1740288,20.782955936751854,2.0
qd_run1,8,1708321,20.90121471449872,3.0
qd_run1,8,1966376,19.635711233553916,4.0
qd_run1,8,2206019,20.481367145480156,5.0
qd_run1,8,2011436,21.122044714515138,6.0
qd_run1,8,1547837,20.29993343087744,7.0
qd_run1,8,1589460,19.776303984037906,8.0
qd_run1,8,1885239,20.559129234703356,9.0
qd_run1,8,2174967,21.197611709393566,10.0
qd_run1,8,1807101,19.840599797101326,11.0
qd_run1,8,2683294,21.66305956292651,12.0
qd_run1,8,1783903,19.78376355588018,13.0
qd_run1,8,1697697,20.523210535095,14.0
qd_run1,8,2120620,20.943526764445668,15.0
qd_run1,8,1931315,20.20078710450372,16.0
qd_run1,8,1858645,20.1620179040298,17.0
qd_run1,8,1832199,20.28855577332454,18.0
qd_run1,8,1955765,19.202201096166057,19.0
qd_run1,8,1718907,20.17381088465151,20.0
qd_run1,8,1505448,20.246212676158084,21.0
qd_run1,8,1526413,19.945926760348595,22.0
qd_run1,8,1734134,20.19709569756027,23.0
qd_run1,8,1656877,21.025396273900856,24.0
qd_run1,8,1867614,20.548481434262648,25.0
qd_run1,8,1876296,19.94378245164319,26.0
qd_run1,8,1572730,20.864311833243747,27.0
qd_run1,8,1716895,19.270301595197765,28.0
qd_run1,8,1214979,20.48706544350333,29.0
qd_run1,8,1612471,20.310406414748126,30.0
qd_run1,8,1664091,20.102922701966254,31.0
qd_run1,8,1765936,19.590065061452126,32.0
qd_run1,8,1807807,20.95374758940151,33.0
qd_run1,8,2002089,19.289541764798656,34.0
qd_run1,8,1448070,19.53791247119885,35.0
qd_run1,8,1745451,20.873589204181584,36.0
qd_run1,8,1900741,19.28098294804871,37.0
qd_run1,8,1827835,20.844634964051753,38.0
qd_run1,8,1690806,21.514266829020794,39.0
qd_run1,8,1635751,21.067528926504732,40.0
qd_run1,8,2452294,19.57234919831163,41.0
qd_run1,8,1724887,20.7025505633324,42.0
qd_run1,8,2686211,19.259721940104445,43.0
qd_run1,8,1966839,20.525552179030356,44.0
qd_run1,8,1698050,19.841950508898684,45.0
qd_run1,8,1669894,20.16664029383498,46.0
qd_run1,8,1467588,21.313582314578813,47.0
qd_run1,8,1511481,20.09064775998565,48.0
qd_run1,8,1633029,20.09935751494769,49.0
qd_run1,8,1838194,19.889118783545907,50.0
qd_run1,8,1748697,21.40453921687595,51.0
qd_run1,8,2100129,20.175813610861198,52.0
qd_run1,8,2059604,19.88246561840859,53.0
qd_run1,8,1874348,19.47947300053988,54.0
qd_run1,8,1501782,19.822593659535638,55.0
qd_run1,8,2149441,20.49251837715164,56.0
qd_run1,8,1961866,20.44426145149119,57.0
qd_run1,8,1912683,20.60778263539151,58.0
qd_run1,8,2021028,20.450125023164738,59.0
qd_run1,16,3947937,30.033996604835483,0.0
qd_run1,16,3619908,27.39175684045604,1.0
qd_run1,16,4128780,29.092769834654423,2.0
qd_run1,16,3302360,28.830611361841886,3.0
qd_run1,16,3152995,30.333549625657387,4.0
qd_run1,16,4182613,27.893183723428074,5.0
qd_run1,16,3244613,29.07588606897383,6.0
qd_run1,16,3978775,26.713452838163725,7.0
qd_run1,16,3805885,30.255315611429015,8.0
qd_run1,16,3172329,28.76909528914141,9.0
qd_run1,16,3962508,29.130890973252953,10.0
qd_run1,16,2665315,27.791992273941645,11.0
qd_run1,16,2816193,27.57547085476595,12.0
qd_run1,16,3329629,28.351883204944524,13.0
qd_run1,16,3353156,29.412425318772616,14.0
qd_run1,16,4228676,28.98835403526255,15.0
qd_run1,16,2397475,30.005455645606744,16.0
qd_run1,16,3272741,29.80917108552032,17.0
qd_run1,16,3106035,29.06305906314029,18.0
qd_run1,16,3263970,28.77722770943497,19.0
qd_run1,16,3971956,28.23213124751689,20.0
qd_run1,16,3413607,28.989802193510698,21.0
qd_run1,16,3136196,26.892929432773588,22.0
qd_run1,16,3505915,26.340939464559032,23.0
qd_run1,16,2576514,28.400459835630844,24.0
qd_run1,16,3546415,29.54525084989444,25.0
qd_run1,16,3746518,29.315500045878498,26.0
qd_run1,16,3148792,29.8517713777596,27.0
qd_run1,16,3197535,29.770612425219824,28.0
qd_run1,16,2209490,27.973541652215935,29.0
qd_run1,16,3042674,28.797977019851032,30.0
qd_run1,16,2131016,29.504479616274114,31.0
qd_run1,16,3828689,29.481889021569085,32.0
qd_run1,16,3072575,30.059658053611557,33.0
qd_run1,16,3057164,29.585945417568126,34.0
qd_run1,16,3302496,28.783706931754907,35.0
qd_run1,16,3254122,28.782025901408943,36.0
qd_run1,16,3889773,30.04652309775946,37.0
qd_run1,16,4048382,29.58678163362411,38.0
qd_run1,16,3667151,29.19149965096166,39.0
qd_run1,16,4214538,28.41850381166848,40.0
qd_run1,16,3014419,28.84211511403715,41.0
qd_run1,16,2495564,28.595273393544772,42.0
qd_run1,16,3302606,27.910980564703504,43.0
qd_run1,16,3042739,29.401566921163305,44.0
qd_run1,16,3216471,28.865972240518044,45.0
qd_run1,16,3850527,28.269000371443585,46.0
qd_run1,16,2758397,28.76445844999269,47.0
qd_run1,16,3544718,27.232034880342106,48.0
qd_run1,16,3661282,28.5286571016357,49.0
qd_run1,16,3124621,28.055640107750964,50.0
qd_run1,16,3239699,29.63504390867368,51.0
qd_run1,16,3597119,29.50325194751854,52.0
qd_run1,16,3150267,30.181316415473898,53.0
qd_run1,16,3973729,28.787926262542474,54.0
qd_run1,16,2017295,28.857828140698977,55.0
qd_run1,16,4716198,28.758183474407357,56.0
qd_run1,16,2823597,30.28233941558403,57.0
qd_run1,16,3027251,29.23500421537833,58.0
qd_run1,16,3719918,27.53458004436812,59.0
qd_run1,32,5256573,54.00307561181316,0.0
qd_run1,32,5511057,54.60052527050548,1.0
qd_run1,32,7067353,51.2186995393119,2.0
qd_run1,32,5292305,53.593833433292055,3.0
qd_run1,32,5006129,51.652508697810546,4.0
qd_run1,32,5243022,52.53766838688059,5.0
qd_run1,32,4987235,53.49102099170503,6.0
qd_run1,32,6202703,54.155923005615946,7.0
qd_run1,32,6097193,54.86664162229018,8.0
qd_run1,32,4398861,52.78626330421952,9.0
qd_run1,32,5690214,53.80710215583296,10.0
qd_run1,32,4191957,55.960318318057006,11.0
qd_run1,32,4794122,53.39121234255358,12.0
qd_run1,32,6145291,54.698718597224904,13.0
qd_run1,32,4963595,52.11055832271027,14.0
qd_run1,32,5841423,53.90513309603295,15.0
qd_run1,32,6290453,52.88285789083693,16.0
qd_run1,32,4957433,50.850548373360404,17.0
qd_run1,32,6982870,50.78908411922363,18.0
qd_run1,32,6115331,53.416639923954826,19.0
qd_run1,32,6167768,54.491613312813,20.0
qd_run1,32,6655986,52.88295119940709,21.0
qd_run1,32,5865434,49.870483156523925,22.0
qd_run1,32,5573803,51.53425947903439,23.0
qd_run1,32,5408607,54.94438450611889,24.0
qd_run1,32,5625218,54.711986931728575,25.0
qd_run1,32,5370067,53.61431719027831,26.0
qd_run1,32,5193861,48.93299702717885,27.0
qd_run1,32,4944829,52.555877871778044,28.0
qd_run1,32,5668312,52.984302318219584,29.0
qd_run1,32,5433141,54.487998395375605,30.0
qd_run1,32,6057541,52.34941158894499,31.0
qd_run1,32,6262517,49.825767452865634,32.0
qd_run1,32,5304437,52.74865463743599,33.0
qd_run1,32,6621211,52.13170873285158,34.0
qd_run1,32,4318342,53.26660715866303,35.0
qd_run1,32,6946425,52.65446868645701,36.0
qd_run1,32,5459576,52.66231237950701,37.0
qd_run1,32,5585393,55.0602074282296,38.0
qd_run1,32,7172852,53.739537908568366,39.0
qd_run1,32,5457120,55.93739897214098,40.0
qd_run1,32,5626642,53.09809494463509,41.0
qd_run1,32,5247989,52.492944640635194,42.0
qd_run1,32,5745314,52.53825269532121,43.0
qd_run1,32,5892844,53.141879769406756,44.0
qd_run1,32,6007507,52.3902463120021,45.0
qd_run1,32,5380527,53.384171800184056,46.0
qd_run1,32,5603441,53.15627277581289,47.0
qd_run1,32,6517859,51.293611547177946,48.0
qd_run1,32,3935314,54.14923386275913,49.0
qd_run1,32,5346063,55.14166767234865,50.0
qd_run1,32,5475918,51.13929353671279,51.0
qd_run1,32,7367355,53.63341327896662,52.0
qd_run1,32,5171141,51.801955543580355,53.0
qd_run1,32,6012599,51.92036468749974,54.0
qd_run1,32,5869266,54.84505698148567,55.0
qd_run1,32,4392404,52.42765778982711,56.0
qd_run1,32,5942675,55.632115138548144,57.0
qd_run1,32,6316211,52.269877220440506,58.0
qd_run1,32,6757423,52.42212696420336,59.0
qd_run1,64,9437009,126.77605623583455,0.0
qd_run1,64,5911459,118.12412422662393,1.0
qd_run1,64,7132840,120.91204819556116,2.0
qd_run1,64,6999265,122.15061804775624,3.0
qd_run1,64,7104073,123.26440213850532,4.0
qd_run1,64,5727934,114.56837289532184,5.0
qd_run1,64,6746584,129.9938763591588,6.0
qd_run1,64,6750736,117.01294704912704,7.0
qd_run1,64,6889429,123.96283386035716,8.0
qd_run1,64,7752311,119.05975940750396,9.0
qd_run1,64,5607211,118.09386432678522,10.0
qd_run1,64,6276009,117.11558150031874,11.0
qd_run1,64,7430051,122.55258190410309,12.0
qd_run1,64,7446388,124.24545445518963,13.0
qd_run1,64,7025757,125.76447811683553,14.0
qd_run1,64,7300196,124.50091243297227,15.0
qd_run1,64,7048841,369.6744557309328,16.0
qd_run1,64,7633857,114.89286509871064,17.0
qd_run1,64,5727448,120.02203200486005,18.0
qd_run1,64,6289907,124.42141427010165,19.0
qd_run1,64,6811974,119.47324967554191,20.0
qd_run1,64,4053745,413.7400447361625,21.0
qd_run1,64,7594047,112.82088283082223,22.0
qd_run1,64,7273618,122.8944446426435,23.0
qd_run1,64,5605784,120.2900169468405,24.0
qd_run1,64,6943481,124.04077521687995,25.0
qd_run1,64,6196816,121.27215182604424,26.0
qd_run1,64,5534653,122.1346041310331,27.0
qd_run1,64,5929843,120.25174345252621,28.0
qd_run1,64,5857795,123.8558624302743,29.0
qd_run1,64,7168725,122.41727143276927,30.0
qd_run1,64,5072725,117.82582609549421,31.0
qd_run1,64,6239098,121.9921572455977,32.0
qd_run1,64,8085652,122.20314935944666,33.0
qd_run1,64,6760711,334.1412378851156,34.0
qd_run1,64,5949754,124.38863716399847,35.0
qd_run1,64,7798294,124.58593107678553,36.0
qd_run1,64,6517820,116.39635060960305,37.0
qd_run1,64,5236806,128.13423504511775,38.0
qd_run1,64,7028077,415.9430629479002,39.0
qd_run1,64,5965962,115.00744236261023,40.0
qd_run1,64,4326642,127.0414393146046,41.0
qd_run1,64,6089643,124.63138799565996,42.0
qd_run1,64,7067667,124.29542344224782,43.0
qd_run1,64,6531747,114.19247993866473,44.0
qd_run1,64,7676453,124.53601912484045,45.0
qd_run1,64,6621159,119.11737124272426,46.0
qd_run1,64,3931796,125.17658613308176,47.0
qd_run1,64,7243235,126.3432934013126,48.0
qd_run1,64,8049340,123.41801098839018,49.0
qd_run1,64,6964974,309.45613564953703,50.0
qd_run1,64,7617306,124.97412925988704,51.0
qd_run1,64,4646250,121.54135817857879,52.0
qd_run1,64,7647663,123.03500817703522,53.0
qd_run1,64,7763710,366.9032151726926,54.0
qd_run1,64,6711150,125.34459921900017,55.0
qd_run1,64,7852196,124.38300947843466,56.0
qd_run1,64,6584425,118.20874803974779,57.0
qd_run1,64,7939597,120.16887489549009,58.0
qd_run1,64,6390418,120.53596253595542,59.0
qd_run1,128,5692737,406.8704755919644,0.0
qd_run1,128,7244377,397.57674553073815,1.0
qd_run1,128,6474264,1483.1517262313696,2.0
qd_run1,128,7219457,373.80248027610645,3.0
qd_run1,128,5912102,382.0335730345094,4.0
qd_run1,128,6693793,385.0902052912225,5.0
qd_run1,128,7798948,379.9121878345473,6.0
qd_run1,128,4372046,378.32342130715364,7.0
qd_run1,128,8304426,391.03671047981675,8.0
qd_run1,128,7571154,384.02894751021995,9.0
qd_run1,128,7937014,397.879077997428,10.0
qd_run1,128,7728499,386.00817611460764,11.0
qd_run1,128,6323289,387.58260027497363,12.0
qd_run1,128,7608973,398.9430186208289,13.0
qd_run1,128,6414319,402.6688398485362,14.0
qd_run1,128,6569119,375.5425261108012,15.0
qd_run1,128,7032699,390.73637825775825,16.0
qd_run1,128,7706741,383.4224568418234,17.0
qd_run1,128,9322439,387.63089260618307,18.0
qd_run1,128,5758771,398.85727959111654,19.0
qd_run1,128,6023829,379.6161382266847,20.0
qd_run1,128,5773778,413.9412214163869,21.0
qd_run1,128,6606225,388.30865464035423,22.0
qd_run1,128,5321371,385.14709202494953,23.0
qd_run1,128,5535957,409.25155968145884,24.0
qd_run1,128,8094423,403.121103066816,25.0
qd_run1,128,9250844,390.8539940687518,26.0
qd_run1,128,4428739,389.4485020522317,27.0
qd_run1,128,6861085,409.7240250218181,28.0
qd_run1,128,7360409,398.02570179879285,29.0
qd_run1,128,7100096,393.6907183589636,30.0
qd_run1,128,8011715,400.9341073810743,31.0
qd_run1,128,7529387,401.9333084248576,32.0
qd_run1,128,7544256,398.3752430516522,33.0
qd_run1,128,6862704,394.93224043894355,34.0
qd_run1,128,6850144,382.1584798832831,35.0
qd_run1,128,5651171,387.0103828928882,36.0
qd_run1,128,7402236,398.0141937966854,37.0
qd_run1,128,8177359,383.93838962970165,38.0
qd_run1,128,7196204,380.5629858023131,39.0
qd_run1,128,7527504,389.7024643133162,40.0
qd_run1,128,9869278,395.8742904269732,41.0
qd_run1,128,7518442,382.3020702211026,42.0
qd_run1,128,5958968,1294.7827725592183,43.0
qd_run1,128,6890263,368.7529577941411,44.0
qd_run1,128,6694395,395.7291785286272,45.0
qd_run1,128,5469686,389.64368609538604,46.0
qd_run1,128,7436495,378.5918786988374,47.0
qd_run1,128,7118333,397.48982910775027,48.0
qd_run1,128,6752901,392.4054388150563,49.0
qd_run1,128,8107089,402.6232094959224,50.0
qd_run1,128,5170133,399.5747565551759,51.0
qd_run1,128,7275388,394.3075401584052,52.0
qd_run1,128,6587669,385.30108830203983,53.0
qd_run1,128,5585907,396.0122336954384,54.0
qd_run1,128,7447561,384.78824995631777,55.0
qd_run1,128,7734658,399.1922618051705,56.0
qd_run1,128,6598115,389.0542273309223,57.0
qd_run1,128,6027560,384.27727767914996,58.0
qd_run1,128,5721320,397.16944006301406,59.0
qd_run1,256,7635196,763.381152972255,0.0
qd_run1,256,6649836,726.365576467838,1.0
qd_run1,256,7773696,811.62202979187,2.0
qd_run1,256,5354231,775.2792751567257,3.0
qd_run1,256,4861805,762.6532671324462,4.0
qd_run1,256,7234161,734.8779360122691,5.0
qd_run1,256,7197266,830.4298919809407,6.0
qd_run1,256,6207771,787.5828770630886,7.0
qd_run1,256,7782697,815.5662385940948,8.0
qd_run1,256,5713238,782.8585466196223,9.0
qd_run1,256,8075105,3039.7617466519728,10.0
qd_run1,256,8246358,777.5564964546546,11.0
qd_run1,256,7358127,786.1298442083798,12.0
qd_run1,256,8038130,849.1781355977055,13.0
qd_run1,256,5941539,776.5825702220114,14.0
qd_run1,256,7526975,778.7299379523504,15.0
qd_run1,256,7977603,825.4780845573636,16.0
qd_run1,256,6957100,830.1085101281614,17.0
qd_run1,256,7333272,745.7588772567499,18.0
qd_run1,256,5671319,774.8577378686388,19.0
qd_run1,256,9815069,2192.6556322896704,20.0
qd_run1,256,6436863,747.599963565974,21.0
qd_run1,256,7378236,850.2047644012254,22.0
qd_run1,256,5506232,765.2890570974761,23.0
qd_run1,256,7775439,764.2952916033865,24.0
qd_run1,256,7754036,807.2292158080563,25.0
qd_run1,256,7307617,716.9729647055038,26.0
qd_run1,256,7623444,781.3330303385998,27.0
qd_run1,256,8886070,774.8396694658591,28.0
qd_run1,256,7388474,786.4513231126755,29.0
qd_run1,256,8234503,821.5213392852493,30.0
qd_run1,256,6230808,779.6464115749977,31.0
qd_run1,256,6561243,764.488399301709,32.0
qd_run1,256,7421199,786.6198883126373,33.0
qd_run1,256,9569867,2008.9460934924944,34.0
qd_run1,256,7455714,851.926320615477,35.0
qd_run1,256,6798341,784.1216569740752,36.0
qd_run1,256,6941463,798.3579634482818,37.0
qd_run1,256,7303083,823.512580054651,38.0
qd_run1,256,4456849,2049.4694578675308,39.0
qd_run1,256,7760866,820.1690347766668,40.0
qd_run1,256,6317302,796.9282036176661,41.0
qd_run1,256,5956015,769.8658647580295,42.0
qd_run1,256,6772679,793.9259786249553,43.0
qd_run1,256,7818062,799.2632894676706,44.0
qd_run1,256,8584482,789.803426807945,45.0
qd_run1,256,6327721,786.9690891040739,46.0
qd_run1,256,6775014,761.6498593693309,47.0
qd_run1,256,9009203,745.4084320361613,48.0
qd_run1,256,7000734,793.7851854323627,49.0
qd_run1,256,5435302,768.5919188485296,50.0
qd_run1,256,7894062,803.1964372391341,51.0
qd_run1,256,5256483,768.4882358528093,52.0
qd_run1,256,7535363,820.2322495711915,53.0
qd_run1,256,6390621,761.5782320940316,54.0
qd_run1,256,5377685,821.6933567498601,55.0
qd_run1,256,6784117,833.4173950071801,56.0
qd_run1,256,8723293,787.3665497516366,57.0
qd_run1,256,7213482,772.3704876289371,58.0
qd_run1,256,8300097,2594.597848809934,59.0
qd_run2,1,362444,14.519656360050654,0.0
qd_run2,1,329416,14.97443067669974,1.0
qd_run2,1,376846,14.957984456300998,2.0
qd_run2,1,307627,14.097220359875806,3.0
qd_run2,1,360644,14.785491798730826,4.0
qd_run2,1,326694,14.826249393945512,5.0
qd_run2,1,390450,14.645377506792062,6.0
qd_run2,1,367063,14.302333317059052,7.0
qd_run2,1,334931,14.367063730431552,8.0
qd_run2,1,271228,14.926304757873805,9.0
qd_run2,1,198989,14.705994850487805,10.0
qd_run2,1,386601,14.909891731427706,11.0
qd_run2,1,265816,14.839569879910302,12.0
qd_run2,1,251185,14.34129113514452,13.0
qd_run2,1,420403,14.802614481013526,14.0
qd_run2,1,407148,14.247221550413693,15.0
qd_run2,1,238139,14.400188111099734,16.0
qd_run2,1,412543,15.139514482515242,17.0
qd_run2,1,401569,14.666837889132635,18.0
qd_run2,1,341402,14.64299591023821,19.0
qd_run2,1,496597,14.771575408432097,20.0
qd_run2,1,437839,14.655174123472529,21.0
qd_run2,1,417827,14.254952179644532,22.0
qd_run2,1,320227,14.891990018871379,23.0
qd_run2,1,316731,14.55440973199815,24.0
qd_run2,1,338158,14.496785955047915,25.0
qd_run2,1,427129,15.237440689600174,26.0
qd_run2,1,273948,15.495214585334745,27.0
qd_run2,1,344704,14.724294347151353,28.0
qd_run2,1,338151,15.124846153809543,29.0
qd_run2,1,383786,14.507195488377125,30.0
qd_run2,1,349556,14.160325926709119,31.0
qd_run2,1,443311,14.362760619331654,32.0
qd_run2,1,300887,14.423137558312462,33.0
qd_run2,1,354303,15.072797353320938,34.0
qd_run2,1,328712,14.753143247115572,35.0
qd_run2,1,329564,15.31260328785392,36.0
qd_run2,1,359165,13.992126387876155,37.0
qd_run2,1,423997,14.891866253918467,38.0
qd_run2,1,447518,14.472699169157675,39.0
qd_run2,1,321705,14.666654112334365,40.0
qd_run2,1,274476,14.580812600766528,41.0
qd_run2,1,412815,15.055195458254943,42.0
qd_run2,1,222588,15.315004979399358,43.0
qd_run2,1,366316,15.108481100636002,44.0
qd_run2,1,349823,14.830255335274815,45.0
qd_run2,1,350662,14.768882334266372,46.0
qd_run2,1,293874,15.207297083668976,47.0
qd_run2,1,358993,14.916763034498253,48.0
qd_run2,1,365693,14.611383013708675,49.0
qd_run2,1,344642,14.154405198687458,50.0
qd_run2,1,361347,14.869123544580864,51.0
qd_run2,1,335206,13.986194880981833,52.0
qd_run2,1,417128,14.66973631619109,53.0
qd_run2,1,346698,14.60842013990608,54.0
qd_run2,1,316761,14.566933972493597,55.0
qd_run2,1,289942,14.487822013774807,56.0
qd_run2,1,454829,15.26901768209796,57.0
qd_run2,1,451697,14.472082001185319,58.0
qd_run2,1,249572,14.143377994961899,59.0
qd_run2,2,724497,16.971845919254566,0.0
qd_run2,2,646839,17.10419490708517,1.0
qd_run2,2,601796,17.28767341694258,2.0
qd_run2,2,519567,16.693088002726945,3.0
qd_run2,2,598872,16.053428869505787,4.0
qd_run2,2,520201,17.138486206319946,5.0
qd_run2,2,643971,15.664563109517347,6.0
qd_run2,2,695996,17.095312471329564,7.0
qd_run2,2,682671,16.883792977777514,8.0
qd_run2,2,665994,16.26039656884315,9.0
qd_run2,2,592632,16.37633224947976,10.0
qd_run2,2,564887,17.51174773911499,11.0
qd_run2,2,761044,16.934132868959146,12.0
qd_run2,2,571812,17.312517782622404,13.0
qd_run2,2,654213,17.889664911539786,14.0
qd_run2,2,669877,15.729060489078709,15.0
qd_run2,2,617718,16.75292089355538,16.0
qd_run2,2,538806,16.985469086798098,17.0
qd_run2,2,617519,16.73741915088319,18.0
qd_run2,2,749851,17.106156778205715,19.0
qd_run2,2,649305,16.997091313238144,20.0
qd_run2,2,723577,16.352452306467374,21.0
qd_run2,2,722680,16.796489320514226,22.0
qd_run2,2,748062,17.637566765493006,23.0
qd_run2,2,657784,16.686877269136936,24.0
qd_run2,2,638022,17.0965097640671,25.0
qd_run2,2,479096,16.75258525525509,26.0
qd_run2,2,548531,17.612155845289653,27.0
qd_run2,2,767536,16.549245563839598,28.0
qd_run2,2,564243,16.249072466451924,29.0
qd_run2,2,636147,17.327300140114733,30.0
qd_run2,2,775794,16.26659213106103,31.0
qd_run2,2,697011,16.841317260972346,32.0
qd_run2,2,546599,16.7402338994875,33.0
qd_run2,2,542516,17.141277089485055,34.0
qd_run2,2,611999,17.514808079319923,35.0
qd_run2,2,563746,15.96890108754462,36.0
qd_run2,2,521532,17.08659373017482,37.0
qd_run2,2,477344,16.533790246118922,38.0
qd_run2,2,660387,16.219767094754676,39.0
qd_run2,2,688324,17.083834343685975,40.0
qd_run2,2,558308,16.89005445342438,41.0
qd_run2,2,565960,16.711421089319796,42.0
qd_run2,2,581559,16.920578495741246,43.0
qd_run2,2,603071,16.534803333899042,44.0
qd_run2,2,521966,17.95657720281904,45.0
qd_run2,2,510942,16.833421191194894,46.0
qd_run2,2,720323,17.410994211473763,47.0
qd_run2,2,544958,17.92342108081318,48.0
qd_run2,2,771836,16.751355294995097,49.0
qd_run2,2,498544,17.229062344526017,50.0
qd_run2,2,594513,16.762464090810536,51.0
qd_run2,2,537544,16.608048201740985,52.0
qd_run2,2,625963,17.364540982657854,53.0
qd_run2,2,422557,15.709206291803268,54.0
qd_run2,2,698888,16.483003867277052,55.0
qd_run2,2,673921,16.96459497875611,56.0
qd_run2,2,724617,17.369547860567803,57.0
qd_run2,2,585837,16.82869400235632,58.0
qd_run2,2,640196,17.28598948514341,59.0
qd_run2,4,1185848,16.649438469611933,0.0
qd_run2,4,1140781,16.173684154085556,1.0
qd_run2,4,1273430,15.810961827971433,2.0
qd_run2,4,1083817,17.316124891690567,3.0
qd_run2,4,974852,16.879277640163007,4.0
qd_run2,4,1246877,16.885231628183604,5.0
qd_run2,4,876823,17.176047323500203,6.0
qd_run2,4,1193517,16.91892939635686,7.0
qd_run2,4,1221973,16.70362687030828,8.0
qd_run2,4,1381301,17.3906222006793,9.0
qd_run2,4,845105,16.286137389914263,10.0
qd_run2,4,1139903,15.592596078891335,11.0
qd_run2,4,1424178,16.288606798276625,12.0
qd_run2,4,1267354,16.783814794109052,13.0
qd_run2,4,1131622,16.17311503699889,14.0
qd_run2,4,1106554,16.721222234069874,15.0
qd_run2,4,1306369,16.574493472298176,16.0
qd_run2,4,1100881,16.553004911003008,17.0
qd_run2,4,1396679,16.82153072079692,18.0
qd_run2,4,1052603,16.048671131766834,19.0
qd_run2,4,1098531,16.222552637504556,20.0
qd_run2,4,1096879,17.354069073480073,21.0
qd_run2,4,1290448,16.79080409371327,22.0
qd_run2,4,1240377,17.53603125248589,23.0
qd_run2,4,971967,16.898971451169306,24.0
qd_run2,4,1134362,16.747150821922247,25.0
qd_run2,4,1182588,16.518969081608617,26.0
qd_run2,4,1264286,15.600172108190144,27.0
qd_run2,4,1220217,17.01505374634553,28.0
qd_run2,4,1003879,16.190534374370827,29.0
qd_run2,4,1502014,16.230585713252875,30.0
qd_run2,4,1104312,16.29264750770716,31.0
qd_run2,4,1063687,16.34316217741111,32.0
qd_run2,4,803030,17.861659484328893,33.0
qd_run2,4,1043656,16.865513517568413,34.0
qd_run2,4,1155873,17.34682689732228,35.0
qd_run2,4,1290009,17.237945116359004,36.0
qd_run2,4,1372295,17.093173844640162,37.0
qd_run2,4,1175330,17.127849203014545,38.0
qd_run2,4,892932,17.11680365408805,39.0
qd_run2,4,1290922,16.826046117653576,40.0
qd_run2,4,938257,17.337981956409088,41.0
qd_run2,4,1052393,16.986226261579212,42.0
qd_run2,4,848450,16.58601174511136,43.0
qd_run2,4,1056889,16.288024930712325,44.0
qd_run2,4,1053656,17.55717036298369,45.0
qd_run2,4,1163040,16.843265187617362,46.0
qd_run2,4,1539517,15.962521526953573,47.0
qd_run2,4,1434395,16.48971652208494,48.0
qd_run2,4,1059743,16.469669495245494,49.0
qd_run2,4,854501,15.91136842327298,50.0
qd_run2,4,971733,16.393937790264644,51.0
qd_run2,4,1292491,17.212218696378496,52.0
qd_run2,4,1104433,16.85704979056154,53.0
qd_run2,4,1243877,16.558287821208296,54.0
qd_run2,4,1207783,16.37866198283444,55.0
qd_run2,4,1264499,16.559733554710707,56.0
qd_run2,4,1174812,16.79790536101934,57.0
qd_run2,4,1193236,16.315033596201914,58.0
qd_run2,4,933723,16.63719713984609,59.0
qd_run2,8,1921554,21.001897974235945,0.0
qd_run2,8,2081938,21.711644937410334,1.0
qd_run2,8,1690545,21.691930530456546,2.0
qd_run2,8,1672838,21.91753173804543,3.0
qd_run2,8,2131086,21.44752492713859,4.0
qd_run2,8,2209606,22.10908446250479,5.0
qd_run2,8,2079767,20.280113064712953,6.0
qd_run2,8,1988911,21.581659828858626,7.0
qd_run2,8,2184387,20.822791566560735,8.0
qd_run2,8,2154605,21.677717289415984,9.0
qd_run2,8,2067888,20.65825843063813,10.0
qd_run2,8,1698545,22.17551204166649,11.0
qd_run2,8,2189627,21.397273700679694,12.0
qd_run2,8,2264380,21.618930412950654,13.0
qd_run2,8,1828009,20.439553792137247,14.0
qd_run2,8,2242774,21.35895967678081,15.0
qd_run2,8,2016294,20.299110831922622,16.0
qd_run2,8,1790528,21.636538549943996,17.0
qd_run2,8,1875916,20.97584955439493,18.0
qd_run2,8,1624677,21.578509589566355,19.0
qd_run2,8,1840025,21.228112898076315,20.0
qd_run2,8,1861903,21.03003945931664,21.0
qd_run2,8,1850218,21.050466952848264,22.0
qd_run2,8,1953939,20.56556927498932,23.0
qd_run2,8,1627497,21.45902564628043,24.0
qd_run2,8,1897031,21.540434519934532,25.0
qd_run2,8,2526629,21.917236705464344,26.0
qd_run2,8,2271596,21.706463205786154,27.0
qd_run2,8,1910358,20.932668619121902,28.0
qd_run2,8,1406753,20.538157457245255,29.0
qd_run2,8,1268440,20.725524116284554,30.0
qd_run2,8,1484887,20.82331960539061,31.0
qd_run2,8,1938505,21.179114064502087,32.0
qd_run2,8,2200169,22.01429072003376,33.0
qd_run2,8,2240051,21.98746032313895,34.0
qd_run2,8,2021615,21.113223854431666,35.0
qd_run2,8,2075260,21.282061429229675,36.0
qd_run2,8,1886497,21.70095241003224,37.0
qd_run2,8,1628954,20.40317397466808,38.0
qd_run2,8,2038563,22.57300065794285,39.0
qd_run2,8,2268711,23.836777284138947,40.0
qd_run2,8,1539599,21.029642798114864,41.0
qd_run2,8,1279829,20.892731652484944,42.0
qd_run2,8,2492425,22.470038857358368,43.0
qd_run2,8,1651335,21.236378299900213,44.0
qd_run2,8,1707328,20.584646257015024,45.0
qd_run2,8,1874825,21.232618502581552,46.0
qd_run2,8,1972497,21.608975188000276,47.0
qd_run2,8,2147154,22.317539363288844,48.0
qd_run2,8,1922658,21.30896478197925,49.0
qd_run2,8,1947854,21.72546626393251,50.0
qd_run2,8,1907584,20.812524943960817,51.0
qd_run2,8,1795243,21.913364961391107,52.0
qd_run2,8,1648356,21.960056248638757,53.0
qd_run2,8,1542875,21.830924096799052,54.0
qd_run2,8,2115964,21.30790802566205,55.0
qd_run2,8,1938745,21.294890805394825,56.0
qd_run2,8,2431234,21.163312175016628,57.0
qd_run2,8,1734792,21.682742826259652,58.0
qd_run2,8,2265954,21.656107823813617,59.0
qd_run2,16,3082575,30.78865201605502,0.0
qd_run2,16,2835878,32.64974265088325,1.0
qd_run2,16,2334200,30.31294044751691,2.0
qd_run2,16,3601468,31.90000135743954,3.0
qd_run2,16,4369984,31.91591382219325,4.0
qd_run2,16,3219344,32.8113773024596,5.0
qd_run2,16,4023480,32.60148801039348,6.0
qd_run2,16,4023894,31.995123468809634,7.0
qd_run2,16,2725372,30.532271559875493,8.0
qd_run2,16,4488804,31.558281994361952,9.0
qd_run2,16,2526503,31.5684791264152,10.0
qd_run2,16,3969281,31.885678323854368,11.0
qd_run2,16,3480433,29.34842070299142,12.0
qd_run2,16,3504074,31.388355631372047,13.0
qd_run2,16,4335760,31.519318555610173,14.0
qd_run2,16,3445599,31.102904428263447,15.0
qd_run2,16,3408871,31.768735203625265,16.0
qd_run2,16,3208466,30.68881610184069,17.0
qd_run2,16,2833935,31.622994743694658,18.0
qd_run2,16,3288418,31.214302901798852,19.0
qd_run2,16,2688317,30.75472375627951,20.0
qd_run2,16,2495295,32.40157302930102,21.0
qd_run2,16,4076744,31.890962814073184,22.0
qd_run2,16,3410441,31.943731709314186,23.0
qd_run2,16,2703501,30.269041701816832,24.0
qd_run2,16,4073966,30.53656076901049,25.0
qd_run2,16,3441032,30.878957979453656,26.0
qd_run2,16,2209850,30.87543375313265,27.0
qd_run2,16,3891245,32.73110934971017,28.0
qd_run2,16,2166645,30.03713512418755,29.0
qd_run2,16,3168320,32.435232485601944,30.0
qd_run2,16,4097160,32.991520477281426,31.0
qd_run2,16,4336168,31.109069937480022,32.0
qd_run2,16,2957387,32.37068751785934,33.0
qd_run2,16,3336055,31.535012481734547,34.0
qd_run2,16,3283260,31.139972009111542,35.0
qd_run2,16,3939358,30.560835770718267,36.0
qd_run2,16,2565507,30.849625370363007,37.0
qd_run2,16,3518725,31.21662849962053,38.0
qd_run2,16,3392491,29.63627550803579,39.0
qd_run2,16,3010818,32.50718520749915,40.0
qd_run2,16,3374292,30.858779073126914,41.0
qd_run2,16,4042900,30.9655294024497,42.0
qd_run2,16,3848169,31.691326624604958,43.0
qd_run2,16,3667576,32.46006551426819,44.0
qd_run2,16,4620977,32.68254264882465,45.0
qd_run2,16,3017838,30.44254415957747,46.0
qd_run2,16,3286552,31.319675528560634,47.0
qd_run2,16,3815088,31.51053241253766,48.0
qd_run2,16,3556792,29.881896609813325,49.0
qd_run2,16,3427024,31.976737854024947,50.0
qd_run2,16,4334316,32.21805321923071,51.0
qd_run2,16,3500687,30.367048062363782,52.0
qd_run2,16,3447857,31.481369765679347,53.0
qd_run2,16,3377844,31.622421432580474,54.0
qd_run2,16,3712531,31.894297341761607,55.0
qd_run2,16,4606012,30.55400243913871,56.0
qd_run2,16,2635851,31.840589003412507,57.0
qd_run2,16,2811532,31.275277680518034,58.0
qd_run2,16,3405778,30.707727936466767,59.0
qd_run2,32,5775605,52.317782771846254,0.0
qd_run2,32,6396046,50.9095343251678,1.0
qd_run2,32,6161585,51.59579138643458,2.0
qd_run2,32,5651781,50.66671702102432,3.0
qd_run2,32,7137125,51.881887806644855,4.0
qd_run2,32,4442778,52.137424482881464,5.0
qd_run2,32,3478021,51.790108697282605,6.0
qd_run2,32,6303294,53.55476227435973,7.0
qd_run2,32,5826804,50.2932307896192,8.0
qd_run2,32,7301960,52.96483259095379,9.0
qd_run2,32,6750278,50.984250442436924,10.0
qd_run2,32,6188263,48.66268674297651,11.0
qd_run2,32,6053572,48.134248432340584,12.0
qd_run2,32,4771756,49.11167277605331,13.0
qd_run2,32,6620135,52.78465941529135,14.0
qd_run2,32,5145706,53.268841777692245,15.0
qd_run2,32,5712491,48.31445138205537,16.0
qd_run2,32,5313891,48.709274491558745,17.0
qd_run2,32,5705914,51.91839114192496,18.0
qd_run2,32,5013635,52.60878250097267,19.0
qd_run2,32,6540927,49.987089964120514,20.0
qd_run2,32,6129104,51.212587107346565,21.0
qd_run2,32,5404398,53.95898245976929,22.0
qd_run2,32,5043698,50.81704619036025,23.0
qd_run2,32,5589547,52.247912870317975,24.0
qd_run2,32,6307133,49.92014727026973,25.0
qd_run2,32,6816669,54.19359670747514,26.0
qd_run2,32,7367012,51.63239643620097,27.0
qd_run2,32,5217044,49.72687741984576,28.0
qd_run2,32,5948374,51.26362832855115,29.0
qd_run2,32,5602250,50.4207266281618,30.0
qd_run2,32,3762748,50.93485129152806,31.0
qd_run2,32,5505520,50.81396084877479,32.0
qd_run2,32,4442706,50.95793801758045,33.0
qd_run2,32,5526826,49.642297010374,34.0
qd_run2,32,6205823,51.33031734335932,35.0
qd_run2,32,5771768,51.99636673766529,36.0
qd_run2,32,5441982,51.26869942798152,37.0
qd_run2,32,6112632,52.563821435103264,38.0
qd_run2,32,6422622,51.105935690300946,39.0
qd_run2,32,6317530,53.156848967851424,40.0
qd_run2,32,4461822,50.76677019588625,41.0
qd_run2,32,5640847,51.40116016830057,42.0
qd_run2,32,7198745,53.22828470752309,43.0
qd_run2,32,5549657,51.22689888082639,44.0
qd_run2,32,4472365,49.8859468479412,45.0
qd_run2,32,6815950,48.7486602610975,46.0
qd_run2,32,6205926,50.32287307762362,47.0
qd_run2,32,5407215,51.256888985238554,48.0
qd_run2,32,7236357,51.93956170828387,49.0
qd_run2,32,6108347,52.98800133059825,50.0
qd_run2,32,3779682,54.30913593078189,51.0
qd_run2,32,4246894,50.31709434855933,52.0
qd_run2,32,6269458,49.53205766473187,53.0
qd_run2,32,4188118,53.23297780973639,54.0
qd_run2,32,5415238,52.88840854284577,55.0
qd_run2,32,6102846,51.14320876202339,56.0
qd_run2,32,7138624,51.048306343341,57.0
qd_run2,32,7417251,50.070481551302656,58.0
qd_run2,32,4838188,50.39331643585749,59.0
qd_run2,64,7986288,113.73522834566421,0.0
qd_run2,64,6934193,111.13687665926075,1.0
qd_run2,64,6756894,113.37537629625534,2.0
qd_run2,64,8003904,320.98349614893004,3.0
qd_run2,64,6244133,111.72705464130189,4.0
qd_run2,64,5991076,120.97723131368004,5.0
qd_run2,64,5114068,119.99108234263937,6.0
qd_run2,64,8079841,114.63769992764279,7.0
qd_run2,64,7504894,112.15434172775673,8.0
qd_run2,64,6438005,107.17523730256691,9.0
qd_run2,64,6052096,112.64708031957325,10.0
qd_run2,64,5178926,114.95667286345615,11.0
qd_run2,64,8462876,115.90580899115145,12.0
qd_run2,64,5933887,113.04001057667017,13.0
qd_run2,64,6965718,112.43165464925575,14.0
qd_run2,64,7006922,413.24324692785353,15.0
qd_run2,64,7859319,113.18371559716647,16.0
qd_run2,64,6561432,109.90029002673772,17.0
qd_run2,64,6168871,110.19324205579257,18.0
qd_run2,64,7290762,115.10615370360296,19.0
qd_run2,64,5950231,111.94942880455939,20.0
qd_run2,64,5155206,115.76242647638558,21.0
qd_run2,64,5300806,118.07640504657535,22.0
qd_run2,64,5286668,112.45031657444352,23.0
qd_run2,64,7297335,108.42469777840955,24.0
qd_run2,64,6921032,116.7607173620432,25.0
qd_run2,64,5796263,112.33784016621635,26.0
qd_run2,64,6630940,115.54177791316113,27.0
qd_run2,64,6429389,444.81237345607695,28.0
qd_run2,64,5646763,115.55577073039325,29.0
qd_run2,64,4679934,115.48421424078256,30.0
qd_run2,64,5092066,117.07356074913638,31.0
qd_run2,64,6880579,112.54108768993727,32.0
qd_run2,64,4771026,115.53579053866541,33.0
qd_run2,64,6548698,112.71202271443823,34.0
qd_run2,64,5309792,112.48078218892898,35.0
qd_run2,64,5891707,110.97003183576602,36.0
qd_run2,64,5967697,117.41268131807708,37.0
qd_run2,64,8987765,113.7449141910245,38.0
qd_run2,64,5967542,113.8030637837953,39.0
qd_run2,64,6171415,111.99967876300103,40.0
qd_run2,64,7888488,112.20458105950873,41.0
qd_run2,64,6561185,112.52309895765504,42.0
qd_run2,64,7408874,116.94110264303004,43.0
qd_run2,64,5882347,104.40164123149576,44.0
qd_run2,64,7402304,110.06482944057167,45.0
qd_run2,64,7248965,115.2750440967247,46.0
qd_run2,64,7601381,336.8996839607219,47.0
qd_run2,64,7883263,384.6072572400238,48.0
qd_run2,64,6670684,382.96088136373373,49.0
qd_run2,64,6006936,110.18458811570392,50.0
qd_run2,64,5582259,115.46309350429333,51.0
qd_run2,64,7938051,118.600139039387,52.0
qd_run2,64,4705744,108.3681800197736,53.0
qd_run2,64,9207129,111.27825166010491,54.0
qd_run2,64,6664270,115.33155140404884,55.0
qd_run2,64,6682781,113.25504645859874,56.0
qd_run2,64,8399593,119.15792793950509,57.0
qd_run2,64,6491985,119.66509356269155,58.0
qd_run2,64,6677301,115.35749024510784,59.0
qd_run2,128,4424216,413.9981862135205,0.0
qd_run2,128,6719409,1626.1200192076806,1.0
qd_run2,128,6476526,413.7415113115383,2.0
qd_run2,128,5691323,1076.5055368730389,3.0
qd_run2,128,6294415,420.46112353603036,4.0
qd_run2,128,7176536,418.37906792447006,5.0
qd_run2,128,8545669,414.4392941638851,6.0
qd_run2,128,8658136,411.1417326909466,7.0
qd_run2,128,7562520,402.63286521528113,8.0
qd_run2,128,5449196,396.9379182637195,9.0
qd_run2,128,8832810,416.34292549837727,10.0
qd_run2,128,6253250,415.58102581043954,11.0
qd_run2,128,6433385,414.4139743843559,12.0
qd_run2,128,4729725,389.05283592308854,13.0
qd_run2,128,8016981,404.4852460738894,14.0
qd_run2,128,5397778,416.6337480282891,15.0
qd_run2,128,7718962,390.5509631153786,16.0
qd_run2,128,6785307,398.3037635734745,17.0
qd_run2,128,6449697,412.26894317458175,18.0
qd_run2,128,5802938,409.76685632780516,19.0
qd_run2,128,7143121,419.70224544607584,20.0
qd_run2,128,6547409,411.31663501785414,21.0
qd_run2,128,5564990,417.0701866561927,22.0
qd_run2,128,6447729,398.49376111986766,23.0
qd_run2,128,6630942,409.58888510910424,24.0
qd_run2,128,6155222,407.9118611404287,25.0
qd_run2,128,4653854,420.81241630250895,26.0
qd_run2,128,6530111,424.56917296287463,27.0
qd_run2,128,7711730,418.1347873483955,28.0
qd_run2,128,5350493,413.81321940869276,29.0
qd_run2,128,7600313,388.8938229974756,30.0
qd_run2,128,6826467,412.16864363287647,31.0
qd_run2,128,6901156,379.30590693836643,32.0
qd_run2,128,5927271,388.8757708002931,33.0
qd_run2,128,4679080,403.0760313559891,34.0
qd_run2,128,5202742,411.8497934651189,35.0
qd_run2,128,6495999,394.0647179127815,36.0
qd_run2,128,8496889,420.46611165172976,37.0
qd_run2,128,8465587,1516.2262392007033,38.0
qd_run2,128,6812298,415.84034012716546,39.0
qd_run2,128,6221714,408.3342057872504,40.0
qd_run2,128,6505687,435.3435672011476,41.0
qd_run2,128,6413667,429.359802905058,42.0
qd_run2,128,5541292,399.46283627477374,43.0
qd_run2,128,6703549,410.3675707705252,44.0
qd_run2,128,5503373,422.3105295238599,45.0
qd_run2,128,7147457,431.0888353524065,46.0
qd_run2,128,6396713,415.9210623501618,47.0
qd_run2,128,6151694,411.39230347932744,48.0
qd_run2,128,4855345,401.2680286735655,49.0
qd_run2,128,5970317,406.4938707354831,50.0
qd_run2,128,5671434,1509.037421761459,51.0
qd_run2,128,5581193,433.01224910794224,52.0
qd_run2,128,6348813,405.6208997645904,53.0
qd_run2,128,6273749,398.2482279285006,54.0
qd_run2,128,5917372,381.5509281606192,55.0
qd_run2,128,7513707,389.9261877746332,56.0
qd_run2,128,6535447,395.5700622361571,57.0
qd_run2,128,5360799,429.8127286939554,58.0
qd_run2,128,5484206,405.5345632899941,59.0
qd_run2,256,8622134,768.7752981450948,0.0
qd_run2,256,6736462,767.70807334374,1.0
qd_run2,256,6317415,759.824583222006,2.0
qd_run2,256,6078763,815.6091738467419,3.0
qd_run2,256,5811804,789.6603713994085,4.0
qd_run2,256,7656779,799.9176052295624,5.0
qd_run2,256,3670754,758.399699218603,6.0
qd_run2,256,6542761,782.2704671887158,7.0
qd_run2,256,4388554,800.0131222564886,8.0
qd_run2,256,6774979,809.825413787267,9.0
qd_run2,256,7600063,814.9341820580267,10.0
qd_run2,256,4796895,767.7145695359834,11.0
qd_run2,256,5934199,778.747874077743,12.0
qd_run2,256,6079748,776.0880660712612,13.0
qd_run2,256,6410566,819.6834617034068,14.0
qd_run2,256,7231177,803.2014131683848,15.0
qd_run2,256,4608199,751.3407067740605,16.0
qd_run2,256,4864232,777.1477517631918,17.0
qd_run2,256,7139332,781.2522082266557,18.0
qd_run2,256,6443420,756.3305985599832,19.0
qd_run2,256,8023711,788.8792439846094,20.0
qd_run2,256,8319714,784.605292215955,21.0
qd_run2,256,7117906,788.5711060886077,22.0
qd_run2,256,5824729,757.0784035208192,23.0
qd_run2,256,7250051,791.9536559090076,24.0
qd_run2,256,7992311,766.7258063298282,25.0
qd_run2,256,5261753,761.939033011793,26.0
qd_run2,256,7167307,766.9467757510627,27.0
qd_run2,256,6639856,784.1004966931858,28.0
qd_run2,256,7191603,774.2858243295257,29.0
qd_run2,256,8056824,725.6571522601747,30.0
qd_run2,256,4883265,768.1591930415075,31.0
qd_run2,256,6360575,772.0230388627065,32.0
qd_run2,256,8145087,2243.0665526851544,33.0
qd_run2,256,6298331,790.5189283740676,34.0
qd_run2,256,6588339,757.4053220751485,35.0
qd_run2,256,5573437,788.1288193587064,36.0
qd_run2,256,9361557,796.0167919102643,37.0
qd_run2,256,7775508,757.9934404264898,38.0
qd_run2,256,6509658,797.4361795015876,39.0
qd_run2,256,8476876,817.1353373175665,40.0
qd_run2,256,7970274,790.7820213937736,41.0
qd_run2,256,6531210,774.9737098765829,42.0
qd_run2,256,5128448,818.7958376537734,43.0
qd_run2,256,6359994,803.8762457717024,44.0
qd_run2,256,5868960,795.1737683048126,45.0
qd_run2,256,7947035,778.8086632543199,46.0
qd_run2,256,6273872,810.7478581175935,47.0
qd_run2,256,7800970,770.758044637889,48.0
qd_run2,256,5978578,769.1733798542955,49.0
qd_run2,256,6718779,784.7972864480315,50.0
qd_run2,256,5542907,804.2458125452204,51.0
qd_run2,256,8917093,768.4105182050826,52.0
qd_run2,256,9160950,745.9794088693014,53.0
qd_run2,256,7309688,799.0288192238843,54.0
qd_run2,256,7082658,756.632352812614,55.0
qd_run2,256,6644781,771.06895553493,56.0
qd_run2,256,6732056,809.5826731370158,57.0
qd_run2,256,6095403,765.5409221582196,58.0
qd_run2,256,7700228,797.5384696703516,59.0
qd_run3,1,330410,13.58142582908976,0.0
qd_run3,1,359478,13.76998267494614,1.0
qd_run3,1,351615,14.155345865629704,2.0
qd_run3,1,385011,13.72741183929342,3.0
qd_run3,1,368371,13.577633754896791,4.0
qd_run3,1,272131,13.908583545473983,5.0
qd_run3,1,392298,14.404877509617517,6.0
qd_run3,1,328951,13.094644001889312,7.0
qd_run3,1,348102,13.721728556761166,8.0
qd_run3,1,362920,14.256429121815069,9.0
qd_run3,1,309862,13.512240461876665,10.0
qd_run3,1,312044,13.523127480767354,11.0
qd_run3,1,281712,13.89501676679005,12.0
qd_run3,1,294522,13.686630373063045,13.0
qd_run3,1,314438,13.54907215535215,14.0
qd_run3,1,360953,13.609325373026923,15.0
qd_run3,1,326521,14.130904175331631,16.0
qd_run3,1,323311,13.195380249571084,17.0
qd_run3,1,306838,13.601269976379282,18.0
qd_run3,1,361590,14.484743086776378,19.0
qd_run3,1,340060,13.741098940011543,20.0
qd_run3,1,402665,13.507656544391644,21.0
qd_run3,1,344905,13.992273892454985,22.0
qd_run3,1,327441,13.71765615099813,23.0
qd_run3,1,338742,14.42081395388795,24.0
qd_run3,1,358209,13.548645584919248,25.0
qd_run3,1,344167,14.1916380003125,26.0
qd_run3,1,418098,14.126716110129355,27.0
qd_run3,1,339496,14.364765369583006,28.0
qd_run3,1,373778,13.853960471224122,29.0
qd_run3,1,297039,13.82910888890382,30.0
qd_run3,1,376815,13.352578341550197,31.0
qd_run3,1,250751,14.004377792200794,32.0
qd_run3,1,253863,13.256307998592202,33.0
qd_run3,1,319403,13.692406827189409,34.0
qd_run3,1,332132,13.857081416347379,35.0
qd_run3,1,355300,13.745450791375966,36.0
qd_run3,1,288135,12.621401361124464,37.0
qd_run3,1,390190,14.108117430455076,38.0
qd_run3,1,359422,13.772760273672063,39.0
qd_run3,1,284812,13.978128155967033,40.0
qd_run3,1,324684,13.219632253161484,41.0
qd_run3,1,378767,13.192517378977799,42.0
qd_run3,1,306573,14.50254290051986,43.0
qd_run3,1,287845,13.85004503801671,44.0
qd_run3,1,379971,13.77728174358322,45.0
qd_run3,1,257915,13.57076146820964,46.0
qd_run3,1,324917,13.154532768056486,47.0
qd_run3,1,398010,13.902567554395986,48.0
qd_run3,1,362203,13.879959498552184,49.0
qd_run3,1,345676,13.621098251453429,50.0
qd_run3,1,253991,14.04461283963499,51.0
qd_run3,1,328389,14.412979793011155,52.0
qd_run3,1,269140,13.83303042552148,53.0
qd_run3,1,434142,13.21272382271859,54.0
qd_run3,1,267632,13.857709883862253,55.0
qd_run3,1,410153,13.273065545249244,56.0
qd_run3,1,329136,13.686703899990585,57.0
qd_run3,1,298396,13.657095291524328,58.0
qd_run3,1,386368,13.817035829173392,59.0
qd_run3,2,648460,14.719232594977775,0.0
qd_run3,2,571590,15.177621597623794,1.0
qd_run3,2,434210,16.218073628168252,2.0
qd_run3,2,481266,15.390802618667049,3.0
qd_run3,2,621336,15.082725485352258,4.0
qd_run3,2,756090,15.389839199139375,5.0
qd_run3,2,556846,15.90150419601003,6.0
qd_run3,2,691753,14.882560970750074,7.0
qd_run3,2,489498,15.769013929207578,8.0
qd_run3,2,624668,14.685650021321198,9.0
qd_run3,2,691575,14.69677101960779,10.0
qd_run3,2,570692,14.981981126182923,11.0
qd_run3,2,445043,15.67867415738222,12.0
qd_run3,2,979811,15.658757876537722,13.0
qd_run3,2,678090,15.243958360781562,14.0
qd_run3,2,631867,15.491923411055517,15.0
qd_run3,2,699588,15.132537438444453,16.0
qd_run3,2,643265,15.269435319589975,17.0
qd_run3,2,694403,15.8068098766604,18.0
qd_run3,2,748028,15.169894560810352,19.0
qd_run3,2,594571,15.699049600778743,20.0
qd_run3,2,617137,15.284916072954305,21.0
qd_run3,2,688433,15.563526608108726,22.0
qd_run3,2,773658,14.828374072776604,23.0
qd_run3,2,754475,15.177645110327887,24.0
qd_run3,2,711321,14.796642888089327,25.0
qd_run3,2,633054,15.110844279353644,26.0
qd_run3,2,819089,14.960551654467643,27.0
qd_run3,2,757853,15.027708092588972,28.0
qd_run3,2,537413,15.545582358035082,29.0
qd_run3,2,750387,15.376520020146721,30.0
qd_run3,2,705828,15.514937290391524,31.0
qd_run3,2,641959,16.048620414467127,32.0
qd_run3,2,648352,15.811461732969777,33.0
qd_run3,2,535213,15.32236528606694,34.0
qd_run3,2,740610,15.198407284805642,35.0
qd_run3,2,439566,15.760874877720845,36.0
qd_run3,2,705788,15.28156286394676,37.0
qd_run3,2,660308,15.260850801985084,38.0
qd_run3,2,687557,15.928647500374147,39.0
qd_run3,2,680541,15.377544341013127,40.0
qd_run3,2,603036,15.345870264036845,41.0
qd_run3,2,601374,15.869275752428429,42.0
qd_run3,2,547430,15.15115054814504,43.0
qd_run3,2,685061,15.57730459664549,44.0
qd_run3,2,675676,15.227897538357308,45.0
qd_run3,2,670965,14.762662803253871,46.0
qd_run3,2,502627,14.830215196825927,47.0
qd_run3,2,688707,16.05919078387747,48.0
qd_run3,2,609886,15.168611483832647,49.0
qd_run3,2,623723,16.268500535579342,50.0
qd_run3,2,673889,15.478996616476335,51.0
qd_run3,2,598324,15.664906912791212,52.0
qd_run3,2,780829,15.525146042078848,53.0
qd_run3,2,575336,16.04506243154054,54.0
qd_run3,2,652139,16.26204499801639,55.0
qd_run3,2,551564,15.370213490811965,56.0
qd_run3,2,680386,14.627837688259278,57.0
qd_run3,2,663671,15.721415084271142,58.0
qd_run3,2,641877,15.640825436955026,59.0
qd_run3,4,1351087,16.902513448828373,0.0
qd_run3,4,1163934,16.90761513083405,1.0
qd_run3,4,1334740,17.044701443849288,2.0
qd_run3,4,1131634,16.178497437765056,3.0
qd_run3,4,1166849,17.80130457104335,4.0
qd_run3,4,838119,17.475207623373095,5.0
qd_run3,4,1209181,16.385676038021007,6.0
qd_run3,4,1140547,17.77388452670808,7.0
qd_run3,4,1214525,17.463700580577846,8.0
qd_run3,4,1417141,17.116028177074234,9.0
qd_run3,4,1373310,16.63958372442888,10.0
qd_run3,4,1060071,18.031490689037902,11.0
qd_run3,4,1462236,17.76820533572122,12.0
qd_run3,4,945417,17.17000663667693,13.0
qd_run3,4,1056845,18.27643581627579,14.0
qd_run3,4,974370,16.63244408343389,15.0
qd_run3,4,1110853,17.459876452374942,16.0
qd_run3,4,1114005,17.13680716395806,17.0
qd_run3,4,1273204,17.30836559883992,18.0
qd_run3,4,880596,16.647907214295937,19.0
qd_run3,4,1515635,17.31949637762976,20.0
qd_run3,4,1549480,18.047581714875598,21.0
qd_run3,4,1421715,17.333302443608094,22.0
qd_run3,4,1499961,17.06844091920532,23.0
qd_run3,4,1627248,17.609435591339494,24.0
qd_run3,4,1332689,17.111477661151778,25.0
qd_run3,4,1124300,17.18879582833402,26.0
qd_run3,4,1135365,16.873625227388242,27.0
qd_run3,4,1035516,17.42460188718285,28.0
qd_run3,4,1446273,18.33454760540366,29.0
qd_run3,4,1370601,17.277025997285985,30.0
qd_run3,4,1344902,18.211240998928016,31.0
qd_run3,4,1259414,17.855507899713324,32.0
qd_run3,4,1306045,17.409245795087045,33.0
qd_run3,4,1134879,17.709214681444568,34.0
qd_run3,4,1087979,16.82855244109197,35.0
qd_run3,4,1299248,17.842719679297296,36.0
qd_run3,4,1404246,17.77612631516151,37.0
qd_run3,4,1182307,17.275284956477968,38.0
qd_run3,4,1439402,18.40077871982692,39.0
qd_run3,4,752609,17.96328853699258,40.0
qd_run3,4,1276572,17.31265722904978,41.0
qd_run3,4,1103175,17.013901535150858,42.0
qd_run3,4,1018555,17.473470523963933,43.0
qd_run3,4,1059104,17.23901183718197,44.0
qd_run3,4,962904,17.943421390527412,45.0
qd_run3,4,1355471,16.731171054468295,46.0
qd_run3,4,1315162,17.12601328493681,47.0
qd_run3,4,1075066,17.36305066695082,48.0
qd_run3,4,1383228,18.1008794257489,49.0
qd_run3,4,1279724,17.926997076459646,50.0
qd_run3,4,1353737,17.673077564004608,51.0
qd_run3,4,1407734,16.62610367453434,52.0
qd_run3,4,1159006,18.09244590101096,53.0
qd_run3,4,988590,16.889643106216877,54.0
qd_run3,4,1570092,16.79443937498767,55.0
qd_run3,4,1251183,17.45575757985891,56.0
qd_run3,4,1175267,17.794615430861462,57.0
qd_run3,4,1383482,16.95429605867603,58.0
qd_run3,4,1541943,16.888879708901456,59.0
qd_run3,8,2038709,21.228129639954584,0.0
qd_run3,8,2047836,20.50591937594295,1.0
qd_run3,8,1827995,21.344478093775695,2.0
qd_run3,8,1762702,21.86762571924824,3.0
qd_run3,8,2034713,21.42811276303269,4.0
qd_run3,8,1968663,20.928420361618237,5.0
qd_run3,8,1848820,22.508694002824434,6.0
qd_run3,8,1756278,21.696564816143436,7.0
qd_run3,8,1948423,22.420783460454576,8.0
qd_run3,8,2061425,21.785416557983478,9.0
qd_run3,8,1662448,22.047261505977026,10.0
qd_run3,8,1116335,22.161749022811073,11.0
qd_run3,8,1733678,22.30381927719659,12.0
qd_run3,8,1932190,22.75863393846115,13.0
qd_run3,8,1764366,20.603373141723026,14.0
qd_run3,8,1956257,21.566403489665895,15.0
qd_run3,8,1920639,22.649988591444163,16.0
qd_run3,8,1686833,22.317333756987818,17.0
qd_run3,8,2204728,22.573343300144654,18.0
qd_run3,8,1370244,21.977750687515936,19.0
qd_run3,8,1747725,21.73057691631763,20.0
qd_run3,8,1712199,21.66979153720976,21.0
qd_run3,8,2219982,22.9901551450017,22.0
qd_run3,8,2150028,21.087706469080217,23.0
qd_run3,8,2309268,21.084194188450354,24.0
qd_run3,8,1839735,22.611885782367075,25.0
qd_run3,8,1778750,22.346019343099485,26.0
qd_run3,8,1871849,21.13781308888454,27.0
qd_run3,8,2010465,21.537059347356468,28.0
qd_run3,8,2458071,23.071650677653338,29.0
qd_run3,8,2403269,21.227535516030116,30.0
qd_run3,8,2499001,22.088185266382986,31.0
qd_run3,8,2097408,22.01447950135429,32.0
qd_run3,8,1792925,21.97271837582153,33.0
qd_run3,8,2206831,22.891555517606477,34.0
qd_run3,8,2116890,21.899979662858335,35.0
qd_run3,8,1813785,21.685966151769687,36.0
qd_run3,8,2422917,22.33604699060882,37.0
qd_run3,8,2019246,20.826005445701004,38.0
qd_run3,8,1439991,22.328489260881305,39.0
qd_run3,8,2135114,22.613961009837798,40.0
qd_run3,8,2009786,21.466089799502434,41.0
qd_run3,8,1455167,21.293869017786488,42.0
qd_run3,8,1278943,22.08235398055675,43.0
qd_run3,8,2089244,22.782805515257085,44.0
qd_run3,8,1420462,20.969946452358457,45.0
qd_run3,8,2129563,22.10053096315122,46.0
qd_run3,8,1366519,21.424761554951058,47.0
qd_run3,8,1977690,21.631692355138703,48.0
qd_run3,8,2057879,21.904221732097,49.0
qd_run3,8,1785266,22.130723495725473,50.0
qd_run3,8,1925361,22.63761147278758,51.0
qd_run3,8,1525612,21.728960208978332,52.0
qd_run3,8,1749352,21.720494750578194,53.0
qd_run3,8,2065476,22.300599195482075,54.0
qd_run3,8,1322182,22.635593685149903,55.0
qd_run3,8,2104821,22.221592287416172,56.0
qd_run3,8,1967786,22.4984782973744,57.0
qd_run3,8,2067982,20.706451758369383,58.0
qd_run3,8,1752618,21.713590969552598,59.0
qd_run3,16,3711889,28.23071689784184,0.0
qd_run3,16,3017207,28.33891592073569,1.0
qd_run3,16,3384964,29.589009016814686,2.0
qd_run3,16,2936735,29.54428798201598,3.0
qd_run3,16,3120316,30.43422408873668,4.0
qd_run3,16,2253574,29.190210777901832,5.0
qd_run3,16,3986335,28.88294911954377,6.0
qd_run3,16,2832881,28.44467986012052,7.0
qd_run3,16,3683861,28.728608246300762,8.0
qd_run3,16,3943498,29.25280845316261,9.0
qd_run3,16,3118515,28.827407717215436,10.0
qd_run3,16,3647620,30.103132513849197,11.0
qd_run3,16,2992396,28.180141812676077,12.0
qd_run3,16,2806663,29.633459896983844,13.0
qd_run3,16,4343462,28.764412174530186,14.0
qd_run3,16,3756107,28.876048128422735,15.0
qd_run3,16,3887750,27.926309213032294,16.0
qd_run3,16,3718523,28.082931931205138,17.0
qd_run3,16,2977460,29.519437665360112,18.0
qd_run3,16,3290968,29.168615017796718,19.0
qd_run3,16,3684272,29.403225288155852,20.0
qd_run3,16,4180736,29.893572174046998,21.0
qd_run3,16,2976609,29.16867131058409,22.0
qd_run3,16,3132582,28.8761952358029,23.0
qd_run3,16,4332572,28.547993242376272,24.0
qd_run3,16,4072054,30.55640387243885,25.0
qd_run3,16,4823080,29.245221865244215,26.0
qd_run3,16,3552662,29.501818010967455,27.0
qd_run3,16,3232633,30.799335117488816,28.0
qd_run3,16,4430477,27.2234308347195,29.0
qd_run3,16,3256183,30.28845511948492,30.0
qd_run3,16,2888074,28.62832173806433,31.0
qd_run3,16,3435115,29.224261223225877,32.0
qd_run3,16,3323169,29.111468511400805,33.0
qd_run3,16,4352186,27.190013450123875,34.0
qd_run3,16,3153457,28.22374975516564,35.0
qd_run3,16,3537959,28.837981148072632,36.0
qd_run3,16,3663586,29.238700328639478,37.0
qd_run3,16,4607228,28.06867519226913,38.0
qd_run3,16,3164872,30.004136481350535,39.0
qd_run3,16,3217464,29.3636132941798,40.0
qd_run3,16,2620721,29.85844986687005,41.0
qd_run3,16,3347302,29.72508992819064,42.0
qd_run3,16,2935724,28.737481785450473,43.0
qd_run3,16,2963557,30.689402876209655,44.0
qd_run3,16,2498564,29.597269465163368,45.0
qd_run3,16,3540956,30.342578077494505,46.0
qd_run3,16,3552253,28.302208968181688,47.0
qd_run3,16,3671976,27.681614712155728,48.0
qd_run3,16,3953633,29.116676808940515,49.0
qd_run3,16,3017588,28.768775757459494,50.0
qd_run3,16,3707482,27.72551773866787,51.0
qd_run3,16,4291109,28.58269241895035,52.0
qd_run3,16,4194159,29.36094732223489,53.0
qd_run3,16,4402239,28.12944485002196,54.0
qd_run3,16,3860569,29.155968494773475,55.0
qd_run3,16,3072522,29.95722373224522,56.0
qd_run3,16,3279475,28.554278126200646,57.0
qd_run3,16,3288434,28.51433226514068,58.0
qd_run3,16,3284779,29.16746139918819,59.0
qd_run3,32,5060146,50.694022649199084,0.0
qd_run3,32,5416665,48.08083545736452,1.0
qd_run3,32,4673393,52.2060901729444,2.0
qd_run3,32,5640232,51.983044837279145,3.0
qd_run3,32,4870640,47.938116806933664,4.0
qd_run3,32,7249854,49.15325573401953,5.0
qd_run3,32,5565248,49.19560635296719,6.0
qd_run3,32,4823934,51.08025102934637,7.0
qd_run3,32,4662408,50.6890779720459,8.0
qd_run3,32,4783988,53.496261825867414,9.0
qd_run3,32,6368139,51.21422831775248,10.0
qd_run3,32,4235263,50.066658126336506,11.0
qd_run3,32,5172127,48.21646683116569,12.0
qd_run3,32,4987519,50.78640597487441,13.0
qd_run3,32,5766862,48.77955122031992,14.0
qd_run3,32,5197279,48.56009658819388,15.0
qd_run3,32,5253948,49.110002020541515,16.0
qd_run3,32,4716694,48.156360936700715,17.0
qd_run3,32,3768570,49.47838009932785,18.0
qd_run3,32,6234722,48.78346527851238,19.0
qd_run3,32,6951439,48.37407879044519,20.0
qd_run3,32,5759057,51.28443051181857,21.0
qd_run3,32,5946564,48.33589756539672,22.0
qd_run3,32,6048205,48.93259219706005,23.0
qd_run3,32,6716454,50.69968244704627,24.0
qd_run3,32,5539019,50.33549710727561,25.0
qd_run3,32,7263332,51.25078382323934,26.0
qd_run3,32,6496222,49.27035419747111,27.0
qd_run3,32,5222786,48.4131177067933,28.0
qd_run3,32,6643887,47.92147288653315,29.0
qd_run3,32,6096919,51.96228787850671,30.0
qd_run3,32,4342760,50.08451759284007,31.0
qd_run3,32,4867946,49.35929670018422,32.0
qd_run3,32,6198366,48.06342638772436,33.0
qd_run3,32,4581776,48.94315750458454,34.0
qd_run3,32,5926335,48.95925299748358,35.0
qd_run3,32,4901479,50.58462246527685,36.0
qd_run3,32,4753972,47.379597626558926,37.0
qd_run3,32,5832566,52.79539786804594,38.0
qd_run3,32,5297658,49.41817789155358,39.0
qd_run3,32,4842675,48.634085476610196,40.0
qd_run3,32,4747336,49.96688802594472,41.0
qd_run3,32,5144658,48.36130078379588,42.0
qd_run3,32,6559591,47.35886102941179,43.0
qd_run3,32,6556712,49.27595999433808,44.0
qd_run3,32,4936616,49.511257617082435,45.0
qd_run3,32,5499992,50.03075700393986,46.0
qd_run3,32,5552085,52.39354237498133,47.0
qd_run3,32,6669913,51.245884738491384,48.0
qd_run3,32,4685715,49.03852876120804,49.0
qd_run3,32,6790667,50.46448615829514,50.0
qd_run3,32,5767446,49.440181303460406,51.0
qd_run3,32,6670101,46.69801127413265,52.0
qd_run3,32,4992656,47.48790256474396,53.0
qd_run3,32,6765825,47.494576327882015,54.0
qd_run3,32,5518191,51.61567309550038,55.0
qd_run3,32,5491812,50.01190144471067,56.0
qd_run3,32,5785941,50.610514915229935,57.0
qd_run3,32,7694651,47.81894443783675,58.0
qd_run3,32,5716055,52.083840715447494,59.0
qd_run3,64,7986018,120.70371890275764,0.0
qd_run3,64,5447413,118.93113278547273,1.0
qd_run3,64,7136985,114.18207334050305,2.0
qd_run3,64,7044326,128.21590215639338,3.0
qd_run3,64,7660962,121.16620793717098,4.0
qd_run3,64,6141360,116.41665420438606,5.0
qd_run3,64,6697329,125.62689506845648,6.0
qd_run3,64,8111337,121.3966109068091,7.0
qd_run3,64,6076287,120.3259778254361,8.0
qd_run3,64,7453012,118.57621835304509,9.0
qd_run3,64,6058352,117.8269573497937,10.0
qd_run3,64,8093500,117.39857523123483,11.0
qd_run3,64,8819294,119.12503754117678,12.0
qd_run3,64,7957223,121.09550947332292,13.0
qd_run3,64,8332990,117.41789159512459,14.0
qd_run3,64,6941857,125.6636489220559,15.0
qd_run3,64,7482533,117.23762987830588,16.0
qd_run3,64,5639870,121.14321951741778,17.0
qd_run3,64,6977816,116.97088580465515,18.0
qd_run3,64,8325375,113.03339949752177,19.0
qd_run3,64,6931572,121.54286614156743,20.0
qd_run3,64,9441734,119.52580604852511,21.0
qd_run3,64,6618642,116.28697505665015,22.0
qd_run3,64,8083695,119.86453336689074,23.0
qd_run3,64,7780709,117.43759645797373,24.0
qd_run3,64,4793714,120.98628948475528,25.0
qd_run3,64,6324168,120.61333831409492,26.0
qd_run3,64,7363362,122.15701415371407,27.0
qd_run3,64,7715095,120.57093848294267,28.0
qd_run3,64,8039064,118.01502026921082,29.0
qd_run3,64,6070882,119.24834669754408,30.0
qd_run3,64,8185395,116.21188338056841,31.0
qd_run3,64,7663928,121.1004822359379,32.0
qd_run3,64,8023769,119.4137054029679,33.0
qd_run3,64,6992854,122.7657493589351,34.0
qd_run3,64,5678170,120.38074707230832,35.0
qd_run3,64,7530186,123.06620858939624,36.0
qd_run3,64,8181686,115.76030952601005,37.0
qd_run3,64,5797267,125.05281141881473,38.0
qd_run3,64,6174607,117.26634247433222,39.0
qd_run3,64,6492567,117.0765989690152,40.0
qd_run3,64,6806266,120.95138944249535,41.0
qd_run3,64,8106839,118.04916877837222,42.0
qd_run3,64,5917729,121.98402557638055,43.0
qd_run3,64,6911724,114.02384649937748,44.0
qd_run3,64,6153251,120.69342307567251,45.0
qd_run3,64,7689081,110.5560662245196,46.0
qd_run3,64,7507518,120.86708234644581,47.0
qd_run3,64,8600911,122.33667862351821,48.0
qd_run3,64,5952558,118.38979155100708,49.0
qd_run3,64,5268811,119.24451238420974,50.0
qd_run3,64,8565914,125.38824429151583,51.0
qd_run3,64,6868699,121.57125503562825,52.0
qd_run3,64,9189703,123.85932308679813,53.0
qd_run3,64,6254014,118.38767123053174,54.0
qd_run3,64,7394119,111.71300621703874,55.0
qd_run3,64,6556665,119.49279913364902,56.0
qd_run3,64,5750281,116.00257536196315,57.0
qd_run3,64,7295101,432.1864614013879,58.0
qd_run3,64,8298515,118.22102599755027,59.0
qd_run3,128,6589862,1535.7944537490953,0.0
qd_run3,128,7426957,427.7410439225969,1.0
qd_run3,128,7690860,417.2214560000307,2.0
qd_run3,128,8208075,456.5260631231451,3.0
qd_run3,128,8867937,423.7565688451402,4.0
qd_run3,128,7119090,418.9868296127171,5.0
qd_run3,128,5326194,424.2500045485014,6.0
qd_run3,128,5400348,448.24452946420075,7.0
qd_run3,128,5363820,436.256082597555,8.0
qd_run3,128,5515596,425.72141925687947,9.0
qd_run3,128,7413913,412.1392433694633,10.0
qd_run3,128,7568769,448.0583818368225,11.0
qd_run3,128,5842212,431.7524571807405,12.0
qd_run3,128,6012094,1164.3913852143976,13.0
qd_run3,128,6643747,435.1921061242018,14.0
qd_run3,128,6066402,454.0640385683337,15.0
qd_run3,128,7092845,421.52598603591474,16.0
qd_run3,128,6448088,440.84843860040377,17.0
qd_run3,128,9104312,433.2474926457058,18.0
qd_run3,128,7743549,1179.7324383996872,19.0
qd_run3,128,5667124,422.13373550163413,20.0
qd_run3,128,6711700,441.3372906639368,21.0
qd_run3,128,7482278,432.92569430396287,22.0
qd_run3,128,6819264,395.6088364268116,23.0
qd_run3,128,5806808,436.7377725594546,24.0
qd_run3,128,6219889,450.2170661598155,25.0
qd_run3,128,5167142,435.19863189511995,26.0
qd_run3,128,6407359,431.7792236922191,27.0
qd_run3,128,5197521,421.7567476153724,28.0
qd_run3,128,7728572,428.3113385553482,29.0
qd_run3,128,6366588,419.5951135941205,30.0
qd_run3,128,6699932,449.10495959881956,31.0
qd_run3,128,6076699,436.9174493999212,32.0
qd_run3,128,6616385,427.7456875688169,33.0
qd_run3,128,7753200,404.48123118415066,34.0
qd_run3,128,5709236,430.70867881303616,35.0
qd_run3,128,5990634,439.617635237411,36.0
qd_run3,128,6603580,427.7931937878582,37.0
qd_run3,128,5681386,442.5891107242842,38.0
qd_run3,128,5587691,450.9364969949678,39.0
qd_run3,128,6510184,1618.6112800754738,40.0
qd_run3,128,5542273,428.55698705614503,41.0
qd_run3,128,7005179,428.77998123635183,42.0
qd_run3,128,5989521,440.3014943553417,43.0
qd_run3,128,6296506,425.72027365847777,44.0
qd_run3,128,8008632,417.0735336801538,45.0
qd_run3,128,7042996,435.9253488997565,46.0
qd_run3,128,5163353,464.36085190949575,47.0
qd_run3,128,6565903,432.09983057759985,48.0
qd_run3,128,5860660,439.0499022380849,49.0
qd_run3,128,5451578,425.36523606997287,50.0
qd_run3,128,5907925,427.25990162785223,51.0
qd_run3,128,6085416,410.3044382673029,52.0
qd_run3,128,5914807,450.532693609559,53.0
qd_run3,128,7039235,420.4897775007262,54.0
qd_run3,128,6437302,1464.5636968648764,55.0
qd_run3,128,7319737,412.9785780712847,56.0
qd_run3,128,6925748,438.45620298156894,57.0
qd_run3,128,8102552,437.53271357740346,58.0
qd_run3,128,6759115,433.7544934214763,59.0
qd_run3,256,6592695,823.2858314049471,0.0
qd_run3,256,7927727,792.4002824671909,1.0
qd_run3,256,5877684,814.3430054715249,2.0
qd_run3,256,5832228,818.8583253214737,3.0
qd_run3,256,7624451,805.7418972031221,4.0
qd_run3,256,7955556,2302.7185667986546,5.0
qd_run3,256,5186916,772.739142307268,6.0
qd_run3,256,7974397,780.5281235649563,7.0
qd_run3,256,6926304,721.7191814051752,8.0
qd_run3,256,7514848,752.2450387967456,9.0
qd_run3,256,6684736,760.9889250540697,10.0
qd_run3,256,6536041,840.283430142527,11.0
qd_run3,256,5890927,829.0729558963942,12.0
qd_run3,256,7969544,772.7013879872774,13.0
qd_run3,256,5452728,787.0428632956306,14.0
qd_run3,256,5190757,862.5247300989013,15.0
qd_run3,256,5316691,819.9203626384693,16.0
qd_run3,256,5692106,2832.4355905916022,17.0
qd_run3,256,6561958,781.5123214796229,18.0
qd_run3,256,6635796,747.8925188936668,19.0
qd_run3,256,7293498,818.2140537584835,20.0
qd_run3,256,3985841,814.8713780082279,21.0
qd_run3,256,6705619,832.8376345119881,22.0
qd_run3,256,4921548,795.9028829483995,23.0
qd_run3,256,8271765,827.9329899314829,24.0
qd_run3,256,7241942,823.252035336086,25.0
qd_run3,256,6468858,799.2109433072269,26.0
qd_run3,256,6317654,807.2813212354089,27.0
qd_run3,256,5464554,820.7568657867187,28.0
qd_run3,256,8586188,758.2542312012336,29.0
qd_run3,256,5783951,788.1479207217432,30.0
qd_run3,256,7058738,815.1893356240263,31.0
qd_run3,256,6021692,827.9302806288414,32.0
qd_run3,256,4971650,777.0436991015561,33.0
qd_run3,256,7680849,844.2874060218613,34.0
qd_run3,256,7161472,793.9854483930378,35.0
qd_run3,256,6390159,773.3542285807065,36.0
qd_run3,256,5948134,836.6497743990581,37.0
qd_run3,256,7198003,780.0699823887309,38.0
qd_run3,256,6853655,786.6654601710393,39.0
qd_run3,256,8765982,848.9442489458208,40.0
qd_run3,256,5448656,813.3215757424822,41.0
qd_run3,256,5370812,790.6919470272944,42.0
qd_run3,256,5763654,816.1849097732077,43.0
qd_run3,256,6801393,775.1678020147956,44.0
qd_run3,256,8433826,3005.139332755899,45.0
qd_run3,256,6596398,817.5219964398656,46.0
qd_run3,256,5574990,777.9478134445238,47.0
qd_run3,256,4909863,813.1782623794061,48.0
qd_run3,256,7904198,797.5101415730901,49.0
qd_run3,256,7062356,811.099872839318,50.0
qd_run3,256,7905466,2905.591268082394,51.0
qd_run3,256,6405719,821.675591483964,52.0
qd_run3,256,6209761,807.7652956526273,53.0
qd_run3,256,4955881,799.4074963044493,54.0
qd_run3,256,8790084,3057.70780880146,55.0
qd_run3,256,7137239,813.6952751829388,56.0
qd_run3,256,6358405,754.8627683697306,57.0
qd_run3,256,8548701,828.5041737123839,58.0
qd_run3,256,6004517,774.0191203244342,59.0
